{"PFK": 0.0, "PFL": 0.0, "PGI": -13.681175727445579, "PGK": -1.5457242594597325, "PGL": 17.344845428610533, "ACALD": 0.0, "AKGt2r": 0.0, "PGM": -1.5457242594597322, "PIt2r": -3.775608452650522e-14, "ALCD2x": 0.0, "ACALDt": 0.0, "ACKr": 8.309166837932716e-15, "PPC": 3.886531600893844e-15, "ACONTa": 1.5457242594598373, "ACONTb": 1.5457242594598366, "ATPM": 52.65130995838978, "PPCK": 0.0, "ACt2r": 8.309166837932716e-15, "PPS": 2.117945441705234, "ADK1": 2.117945441705234, "AKGDH": 1.545724259459833, "ATPS4r": 53.795752322879935, "PTAr": -1.134525756331302e-13, "PYK": 0.0, "BIOMASS_Ecoli_core_w_GAM": 0.0, "PYRt2": 3.311258917309639e-15, "CO2t": -21.982018206989924, "RPE": 11.563230285740358, "CS": 1.5457242594598373, "RPI": -5.781615142870178, "SUCCt2_2": 0.0, "CYTBD": 43.96403641397988, "D_LACt2": 0.0, "ENO": 1.545724259459733, "SUCCt3": 0.0, "ETOHt2r": 0.0, "SUCDi": 1.5457242594598342, "SUCOAS": -1.545724259459833, "TALA": 5.781615142870179, "THD2": 0.0, "TKT1": 5.781615142870178, "TKT2": 5.781615142870179, "TPI": -2.1179454417052224, "EX_ac_e": 0.0, "EX_acald_e": 0.0, "EX_akg_e": 0.0, "EX_co2_e": 21.982018206989924, "EX_etoh_e": 0.0, "EX_for_e": -2.2112421579891722e-16, "EX_fru_e": 0.0, "EX_fum_e": 0.0, "EX_glc__D_e": -3.6636697011649506, "EX_gln__L_e": 0.0, "EX_glu__L_e": 0.0, "EX_h_e": 4.561210060347897e-14, "EX_h2o_e": 21.98201820699008, "EX_lac__D_e": 0.0, "EX_mal__L_e": 0.0, "EX_nh4_e": -5.281197597627427e-15, "EX_o2_e": -21.982018206989927, "EX_pi_e": 3.775608452650522e-14, "EX_pyr_e": 0.0, "EX_succ_e": 0.0, "FBA": -2.117945441705222, "FBP": 2.117945441705223, "FORt2": 0.0, "FORt": 2.2112421579891722e-16, "FRD7": 0.0, "FRUpts2": 0.0, "FUM": 1.5457242594598342, "FUMt2_2": 0.0, "G6PDH2r": 17.344845428610533, "GAPD": 1.5457242594597322, "GLCpts": 3.6636697011649555, "GLNS": 3.24400682405554e-16, "GLNabc": 0.0, "GLUDy": -6.422669660188377e-15, "GLUN": 0.0, "GLUSy": 0.0, "GLUt2r": 0.0, "GND": 17.344845428610533, "H2Ot": -21.98201820699008, "ICDHyr": 1.5457242594598366, "ICL": 9.699318376935912e-16, "LDH_D": -7.212916805697416e-15, "MALS": 0.0, "MALt2_2": 0.0, "MDH": 1.5457242594598342, "ME1": 0.0, "ME2": 0.0, "NADH16": 42.41831215452004, "NADTRHD": 36.23541511668092, "NH4t": 5.129381614397307e-15, "O2t": 21.982018206989927, "PDH": 1.5457242594597236}