{"PFK": 9.999999999999998, "PFL": 10.718090002861107, "PGI": 9.999999999999998, "PGK": -20.000000000000004, "PGL": 4.4313202564838895e-15, "ACALD": -13.691385770736433, "AKGt2r": 0.0, "PGM": -20.0, "PIt2r": 4.718257894430549e-16, "ALCD2x": -13.691385770736424, "ACALDt": 0.0, "ACKr": -2.510337317931441, "PPC": 1.8991384556660618, "ACONTa": 1.899138455666064, "ACONTb": 1.8991384556660642, "ATPM": 20.863130447050956, "PPCK": 0.0, "ACt2r": -2.5103373179314414, "PPS": 0.0, "ADK1": 0.0, "AKGDH": 0.0, "ATPS4r": 0.26853932805230796, "PTAr": 2.5103373179314414, "PYK": 8.10086154433394, "BIOMASS_Ecoli_core_w_GAM": 0.0, "PYRt2": 0.0, "CO2t": -7.38277154147283, "RPE": 1.0221492900272521e-17, "CS": 1.8991384556660635, "RPI": 0.0, "SUCCt2_2": 0.0, "CYTBD": 1.1805843424009737e-14, "D_LACt2": -3.5188262172288976e-15, "ENO": 20.0, "SUCCt3": -1.646233710882624e-14, "ETOHt2r": -13.691385770736424, "SUCDi": 0.0, "SUCOAS": 0.0, "TALA": -7.20496352356454e-17, "THD2": 0.0, "TKT1": -7.20496352356454e-17, "TKT2": 3.8569417086827346e-16, "TPI": 9.999999999999998, "EX_ac_e": 2.5103373179314414, "EX_acald_e": 0.0, "EX_akg_e": 0.0, "EX_co2_e": 7.382771541472829, "EX_etoh_e": 13.691385770736424, "EX_for_e": 10.718090002861146, "EX_fru_e": 0.0, "EX_fum_e": 0.0, "EX_glc__D_e": -10.0, "EX_gln__L_e": 0.0, "EX_glu__L_e": 1.8991384556660642, "EX_h_e": 17.026704232124725, "EX_h2o_e": -2.5103373179314916, "EX_lac__D_e": 0.0, "EX_mal__L_e": 0.0, "EX_nh4_e": -1.8991384556660642, "EX_o2_e": 0.0, "EX_pi_e": -4.718257894430549e-16, "EX_pyr_e": 0.0, "EX_succ_e": -1.646233710882624e-14, "FBA": 9.999999999999998, "FBP": 0.0, "FORt2": 0.0, "FORt": -10.718090002861146, "FRD7": -1.646233710882624e-14, "FRUpts2": 0.0, "FUM": 1.6462337108826242e-14, "FUMt2_2": 0.0, "G6PDH2r": 4.4313202564838895e-15, "GAPD": 19.999999999999996, "GLCpts": 10.000000000000002, "GLNS": 0.01660774326677754, "GLNabc": 0.0, "GLUDy": -1.889553291931922, "GLUN": 0.007022579532635545, "GLUSy": 0.009585163734142109, "GLUt2r": -1.8991384556660642, "GND": 0.0, "H2Ot": 2.5103373179314916, "ICDHyr": 1.8991384556660644, "ICL": 0.0, "LDH_D": -3.595582185069003e-15, "MALS": 0.0, "MALt2_2": 0.0, "MDH": 1.646233710882624e-14, "ME1": 0.0, "ME2": 0.0, "NADH16": 0.0, "NADTRHD": 1.0564902261775245e-14, "NH4t": 1.8991384556660642, "O2t": 0.0, "PDH": 7.382771541472825}