{"PFK": 9.999999999999998, "PFL": 12.835400668680577, "PGI": 9.999999999999998, "PGK": -20.00000000000001, "PGL": 3.712752425363406e-15, "ACALD": -13.41956007957232, "AKGt2r": 0.0, "PGM": -20.000000000000004, "PIt2r": 3.913786624333945e-16, "ALCD2x": -13.419560079572335, "ACALDt": 0.0, "ACKr": -5.85078874018256, "PPC": 0.3451523811486753, "ACONTa": 0.36482559012256366, "ACONTb": 0.3648255901225637, "ATPM": 25.51518369009479, "PPCK": 0.0, "ACt2r": -5.85078874018256, "PPS": 0.0, "ADK1": 0.0, "AKGDH": 0.0, "ATPS4r": 0.04499685070534965, "PTAr": 5.850788740182559, "PYK": 9.65484761885133, "BIOMASS_Ecoli_core_w_GAM": 0.0, "PYRt2": 0.0, "CO2t": -6.819446950170759, "RPE": -3.1303059106722455e-16, "CS": 0.36482559012256455, "RPI": 0.0, "SUCCt2_2": 0.0, "CYTBD": -2.9514608560024342e-15, "D_LACt2": -3.1170874106303302e-15, "ENO": 20.000000000000007, "SUCCt3": 0.019673208973870863, "ETOHt2r": -13.419560079572335, "SUCDi": 0.0, "SUCOAS": 0.0, "TALA": -8.773886909525568e-17, "THD2": 0.0, "TKT1": -8.773886909525568e-17, "TKT2": 1.6899277511502894e-16, "TPI": 9.999999999999998, "EX_ac_e": 5.85078874018256, "EX_acald_e": 0.0, "EX_akg_e": 0.0, "EX_co2_e": 6.819446950170756, "EX_etoh_e": 13.419560079572335, "EX_for_e": 12.835400668680583, "EX_fru_e": 0.0, "EX_fum_e": 0.0, "EX_glc__D_e": -10.0, "EX_gln__L_e": 0.0, "EX_glu__L_e": 0.345152381148677, "EX_h_e": 19.41584058910824, "EX_h2o_e": -5.890135158130346, "EX_lac__D_e": 0.0, "EX_mal__L_e": 0.0, "EX_nh4_e": -0.3451523811486766, "EX_o2_e": 0.0, "EX_pi_e": -3.913786624333945e-16, "EX_pyr_e": 0.0, "EX_succ_e": 0.019673208973870863, "FBA": 9.999999999999998, "FBP": 0.0, "FORt2": 0.0, "FORt": -12.835400668680583, "FRD7": -1.6343803704680368e-14, "FRUpts2": 0.0, "FUM": 1.634337176035642e-14, "FUMt2_2": 0.0, "G6PDH2r": 3.712752425363406e-15, "GAPD": 19.999999999999996, "GLCpts": 10.000000000000002, "GLNS": 0.03544951964443428, "GLNabc": 0.0, "GLUDy": -0.3451523811486792, "GLUN": 0.03544951964443418, "GLUSy": 0.0, "GLUt2r": -0.345152381148677, "GND": 0.0, "H2Ot": 5.890135158130346, "ICDHyr": 0.3451523811486766, "ICL": 0.019673208973887208, "LDH_D": -3.1170874106303306e-15, "MALS": 0.019673208973887208, "MALt2_2": 0.0, "MDH": 0.01967320897390355, "ME1": 0.0, "ME2": 0.0, "NADH16": 0.0, "NADTRHD": 0.0, "NH4t": 0.3451523811486791, "O2t": 0.0, "PDH": 6.81944695017075}