{"PFK": 9.844094278739375, "PFL": 3.9566010972446963, "PGI": 9.967869033016559, "PGK": -19.583347563258148, "PGL": 1.8146616333969213e-15, "ACALD": -3.307520307223832, "AKGt2r": 0.0, "PGM": -19.348869872491182, "PIt2r": 0.576586284107228, "ALCD2x": -3.3075203072238306, "ACALDt": 0.0, "ACKr": -1.6830247988657927, "PPC": 0.44914389750124306, "ACONTa": 0.1691029281874812, "ACONTb": 0.1691029281874812, "ATPM": 8.39, "PPCK": 0.0, "ACt2r": -1.6830247988657927, "PPS": 0.0, "ADK1": 0.0, "AKGDH": 0.0, "ATPS4r": -2.43615913887025, "PTAr": 1.6830247988657927, "PYK": 8.818364097130894, "BIOMASS_Ecoli_core_w_GAM": 0.1567364243094661, "PYRt2": 0.0, "CO2t": -1.5104227387456661, "RPE": -0.11266214179364324, "CS": 0.16910292818748118, "RPI": -0.11266214179364424, "SUCCt2_2": 0.0, "CYTBD": -2.4103596990686546e-14, "D_LACt2": -12.627296349042918, "ENO": 19.348869872491182, "SUCCt3": 6.687824450460659e-14, "ETOHt2r": -3.3075203072238306, "SUCDi": 0.0, "SUCOAS": 0.0, "TALA": -0.028040146308962993, "THD2": 2.687418404852534, "TKT1": -0.028040146308962986, "TKT2": -0.08462199548467972, "TPI": 9.844094278739375, "EX_ac_e": 1.6830247988657927, "EX_acald_e": 0.0, "EX_akg_e": 0.0, "EX_co2_e": 1.5104227387456635, "EX_etoh_e": 3.3075203072238306, "EX_for_e": 3.956601097244642, "EX_fru_e": 0.0, "EX_fum_e": 0.0, "EX_glc__D_e": -10.0, "EX_gln__L_e": 0.0, "EX_glu__L_e": 0.0, "EX_h_e": 21.41105491680126, "EX_h2o_e": -0.655366759238208, "EX_lac__D_e": 12.627296349042918, "EX_mal__L_e": 0.0, "EX_nh4_e": -0.8546523744746546, "EX_o2_e": 0.0, "EX_pi_e": -0.576586284107228, "EX_pyr_e": 0.0, "EX_succ_e": 6.687824450460659e-14, "FBA": 9.844094278739375, "FBP": 0.0, "FORt2": 0.0, "FORt": -3.9566010972446546, "FRD7": 6.687824450460659e-14, "FRUpts2": 0.0, "FUM": -6.687824450460659e-14, "FUMt2_2": 0.0, "G6PDH2r": 1.814661633396921e-15, "GAPD": 19.583347563258148, "GLCpts": 10.000000000000002, "GLNS": 0.0400775036959301, "GLNabc": 0.0, "GLUDy": -0.8145748707787246, "GLUN": 0.0, "GLUSy": 0.0, "GLUt2r": 0.0, "GND": 0.0, "H2Ot": 0.6553667592382076, "ICDHyr": 0.1691029281874812, "ICL": 0.0, "LDH_D": -12.627296349042918, "MALS": 0.0, "MALt2_2": 0.0, "MDH": -6.687824450460659e-14, "ME1": 0.0, "ME2": 0.0, "NADH16": 4.112694360819954e-14, "NADTRHD": 0.0, "NH4t": 0.8546523744746546, "O2t": 0.0, "PDH": 1.7904637080594272}