{"PFK": 9.789458863898286, "PFL": 17.804674217935286, "PGI": 9.95660909530426, "PGK": -19.437336380718598, "PGL": 0.0, "ACALD": -8.27945538048656, "AKGt2r": 0.0, "PGM": -19.120688607914573, "PIt2r": 0.7786444931912891, "ALCD2x": -8.27945538048656, "ACALDt": 0.0, "ACKr": -8.503585277961301, "PPC": 0.6065413487614942, "ACONTa": 0.22836315646941882, "ACONTb": 0.2283631564694275, "ATPM": 8.39, "PPCK": 0.0, "ACt2r": -8.503585277961301, "PPS": 0.0, "ADK1": 0.0, "AKGDH": 0.0, "ATPS4r": -5.452052576810869, "PTAr": 8.503585277961301, "PYK": 8.404273021945482, "BIOMASS_Ecoli_core_w_GAM": 0.2116629497353107, "PYRt2": 0.0, "CO2t": 0.37817819229208316, "RPE": -0.15214332826974206, "CS": 0.22836315646941882, "RPI": -0.15214332826974206, "SUCCt2_2": -1.6332306043632015e-16, "CYTBD": 1.4210854715202007e-14, "D_LACt2": 0.0, "ENO": 19.120688607914573, "SUCCt3": 0.0, "ETOHt2r": -8.27945538048656, "SUCDi": 0.0, "SUCOAS": 0.0, "TALA": -0.03786650170764726, "THD2": 3.629194102456611, "TKT1": -0.037866501707647306, "TKT2": -0.11427682656209467, "TPI": 9.789458863898286, "EX_ac_e": 8.503585277961301, "EX_acald_e": 0.0, "EX_akg_e": 0.0, "EX_co2_e": -0.37817819229208316, "EX_etoh_e": 8.27945538048656, "EX_for_e": 17.804674217935286, "EX_fru_e": 0.0, "EX_fum_e": 0.0, "EX_glc__D_e": -10.0, "EX_gln__L_e": 0.0, "EX_glu__L_e": 0.0, "EX_h_e": 30.55421826758692, "EX_h2o_e": -7.115795981726739, "EX_lac__D_e": 0.0, "EX_mal__L_e": 0.0, "EX_nh4_e": -1.1541557323167035, "EX_o2_e": 0.0, "EX_pi_e": -0.7786444931912903, "EX_pyr_e": 0.0, "EX_succ_e": 0.0, "FBA": 9.789458863898286, "FBP": 0.0, "FORt2": 0.0, "FORt": -17.804674217935286, "FRD7": 0.0, "FRUpts2": 0.0, "FUM": 2.7356579953707713e-15, "FUMt2_2": 0.0, "G6PDH2r": -3.392325650114964e-17, "GAPD": 19.437336380718598, "GLCpts": 10.0, "GLNS": 0.054122216247319214, "GLNabc": 0.0, "GLUDy": -1.1000335160693844, "GLUN": 0.0, "GLUSy": 0.0, "GLUt2r": 0.0, "GND": 0.0, "H2Ot": 7.1157959817267455, "ICDHyr": 0.22836315646941946, "ICL": 0.0, "LDH_D": 0.0, "MALS": 0.0, "MALt2_2": 0.0, "MDH": -2.4390735685015963e-15, "ME1": 0.0, "ME2": 0.0, "NADH16": 2.5032318812039826e-14, "NADTRHD": 0.0, "NH4t": 1.1541557323167035, "O2t": 0.0, "PDH": 0.0, "NarL_a": 10.0, "NarL_r": 10.0}