{"PFK": 0.8849860838799061, "PFL": 1.0454794684889386, "PGI": -2.99567492515793, "PGK": -3.71030267227873, "PGL": 5.820991513556755, "ACALD": 0.0, "AKGt2r": 0.0, "PGM": -3.7103026722787296, "PIt2r": -1.1572746215020755e-15, "ALCD2x": 0.0, "ACALDt": 0.0, "ACKr": -2.443625039292989, "PPC": 0.6733862018937818, "ACONTa": 1.266677632985738, "ACONTb": 1.2666776329857385, "ATPM": 34.10161497918719, "PPCK": 0.0, "ACt2r": -2.4436250392929892, "PPS": 0.0, "ADK1": 0.0, "AKGDH": 1.0467252150698452, "ATPS4r": 27.643396202044677, "PTAr": 2.4436250392929955, "PYK": 0.21159988198612273, "BIOMASS_Ecoli_core_w_GAM": 0.0, "PYRt2": 0.0, "CO2t": -11.019169983318015, "RPE": 3.8806610090378357, "CS": 1.2666776329857383, "RPI": -1.9403305045189176, "SUCCt2_2": 0.0, "CYTBD": 23.08381943512498, "D_LACt2": 0.0, "ENO": 3.7103026722787296, "SUCCt3": 0.0, "ETOHt2r": 0.0, "SUCDi": 1.2666776329857343, "SUCOAS": -1.0467252150698436, "TALA": 1.9403305045189179, "THD2": 0.0, "TKT1": 1.9403305045189176, "TKT2": 1.9403305045189179, "TPI": 0.8849860838799061, "EX_ac_e": 2.4436250392929977, "EX_acald_e": 0.0, "EX_akg_e": 0.0, "EX_co2_e": 11.019169983318015, "EX_etoh_e": 0.0, "EX_for_e": 1.0454794684889386, "EX_fru_e": 0.0, "EX_fum_e": 0.0, "EX_glc__D_e": -2.825316588398822, "EX_gln__L_e": 0.0, "EX_glu__L_e": 0.0, "EX_h_e": 3.4891045077820064, "EX_h2o_e": 11.019169983318019, "EX_lac__D_e": 0.0, "EX_mal__L_e": 0.0, "EX_nh4_e": -6.261999137229518e-16, "EX_o2_e": -11.54190971756249, "EX_pi_e": 1.1572746215020755e-15, "EX_pyr_e": 1.8306143646570254e-15, "EX_succ_e": 0.0, "FBA": 0.8849860838799061, "FBP": 0.0, "FORt2": 0.0, "FORt": -1.0454794684889386, "FRD7": 0.0, "FRUpts2": 0.0, "FUM": 1.2666776329857363, "FUMt2_2": 0.0, "G6PDH2r": 5.820991513556755, "GAPD": 3.7103026722787296, "GLCpts": 2.825316588398825, "GLNS": 0.06904794760525833, "GLNabc": 0.0, "GLUDy": 9.507736182395102e-16, "GLUN": 0.06904794760525777, "GLUSy": 0.0, "GLUt2r": 0.0, "GND": 5.820991513556753, "H2Ot": -11.019169983318019, "ICDHyr": 1.0467252150698454, "ICL": 0.2199524179158905, "LDH_D": 6.491625125127674e-15, "MALS": 0.2199524179158905, "MALt2_2": 0.0, "MDH": 0.5932914310919581, "ME1": 0.8933386198096689, "ME2": 0.0, "NADH16": 21.817141802139215, "NADTRHD": 12.688708242183353, "NH4t": -1.1679740778714626e-15, "O2t": 11.54190971756249, "PDH": 2.8847756217056855}