{"PFK": 7.477381962160287, "PFL": 0.0, "PGI": 4.860861146496827, "PGK": -16.023526143167633, "PGL": 4.959984944574645, "ACALD": 0.0, "AKGt2r": 0.0, "PGM": -14.716139568742863, "PIt2r": 3.2148950476847653, "ALCD2x": 0.0, "ACALDt": 0.0, "ACKr": 0.0, "PPC": 2.5043094703687454, "ACONTa": 6.007249575350351, "ACONTb": 6.007249575350358, "ATPM": 8.39, "PPCK": 0.0, "ACt2r": 0.0, "PPS": 0.0, "ADK1": 0.0, "AKGDH": 5.064375661482109, "ATPS4r": 45.51400977451759, "PTAr": 0.0, "PYK": 1.7581774441068045, "BIOMASS_Ecoli_core_w_GAM": 0.8739215069684303, "PYRt2": 0.0, "CO2t": -22.809833310205, "RPE": 2.678481850507521, "CS": 6.007249575350351, "RPI": -2.2815030940671237, "SUCCt2_2": 0.0, "CYTBD": 43.59898531199763, "D_LACt2": 0.0, "ENO": 14.716139568742863, "SUCCt3": 0.0, "ETOHt2r": 0.0, "SUCDi": 5.064375661482109, "SUCOAS": -5.064375661482109, "TALA": 1.496983757261562, "THD2": 0.0, "TKT1": 1.4969837572615623, "TKT2": 1.181498093245959, "TPI": 7.477381962160287, "EX_ac_e": 0.0, "EX_acald_e": 0.0, "EX_akg_e": 0.0, "EX_co2_e": 22.809833310205, "EX_etoh_e": 0.0, "EX_for_e": 0.0, "EX_fru_e": 0.0, "EX_fum_e": 0.0, "EX_glc__D_e": -10.0, "EX_gln__L_e": 0.0, "EX_glu__L_e": 0.0, "EX_h_e": 17.53086542978666, "EX_h2o_e": 29.175827135565797, "EX_lac__D_e": 0.0, "EX_mal__L_e": 0.0, "EX_nh4_e": -4.765319193197463, "EX_o2_e": -21.799492655998815, "EX_pi_e": -3.2148950476847653, "EX_pyr_e": 0.0, "EX_succ_e": 0.0, "FBA": 7.477381962160287, "FBP": 0.0, "FORt2": 0.0, "FORt": 0.0, "FRD7": 0.0, "FRUpts2": 0.0, "FUM": 5.064375661482113, "FUMt2_2": 0.0, "G6PDH2r": 4.959984944574645, "GAPD": 16.023526143167633, "GLCpts": 10.0, "GLNS": 0.2234617293318275, "GLNabc": 0.0, "GLUDy": -4.541857463865635, "GLUN": 0.0, "GLUSy": 0.0, "GLUt2r": 0.0, "GND": 4.959984944574645, "H2Ot": -29.175827135565797, "ICDHyr": 6.007249575350357, "ICL": 0.0, "LDH_D": 0.0, "MALS": 0.0, "MALt2_2": 0.0, "MDH": 5.064375661482113, "ME1": 0.0, "ME2": 0.0, "NADH16": 38.534609650515506, "NADTRHD": 0.0, "NH4t": 4.765319193197463, "O2t": 21.799492655998815, "PDH": 9.282532599166634, "Cra_a": 10.0, "Cra_r": 10.0}