{"PFK": 2.868593617283045, "PFL": 4.485511765799203, "PGI": 2.5602859322035294, "PGK": -5.891341077105849, "PGL": 0.46246152761927356, "ACALD": 0.0, "AKGt2r": 0.0, "PGM": -5.8913410771058485, "PIt2r": 2.9221021159575044e-14, "ALCD2x": 0.0, "ACALDt": 0.0, "ACKr": -2.4107141390658386e-14, "PPC": 3.929146640454665, "ACONTa": 5.891341077105822, "ACONTb": 5.891341077105823, "ATPM": 42.047973954570594, "PPCK": 1.5235130948148596, "ACt2r": -2.410714139065839e-14, "PPS": 0.0, "ADK1": 0.0, "AKGDH": 5.89134107710582, "ATPS4r": 34.1944384408137, "PTAr": 1.7321003913454993e-14, "PYK": 0.4629600716432362, "BIOMASS_Ecoli_core_w_GAM": 0.0, "PYRt2": -8.070177731940854e-16, "CO2t": -13.650972993137547, "RPE": 0.3083076850795142, "CS": 5.891341077105822, "RPI": -0.15415384253975709, "SUCCt2_2": 0.0, "CYTBD": 31.7874577520743, "D_LACt2": 0.0, "ENO": 5.891341077105848, "SUCCt3": 0.0, "ETOHt2r": 0.0, "SUCDi": 5.89134107710582, "SUCOAS": -5.89134107710582, "TALA": 0.15415384253975709, "THD2": 0.0, "TKT1": 0.15415384253975709, "TKT2": 0.1541538425397583, "TPI": 2.868593617283044, "EX_ac_e": 0.0, "EX_acald_e": 0.0, "EX_akg_e": 0.0, "EX_co2_e": 13.650972993137547, "EX_etoh_e": 0.0, "EX_for_e": 4.485511765799203, "EX_fru_e": 0.0, "EX_fum_e": 0.0, "EX_glc__D_e": -3.022747459822803, "EX_gln__L_e": 0.0, "EX_glu__L_e": 0.0, "EX_h_e": 4.485511765799209, "EX_h2o_e": 13.65097299313752, "EX_lac__D_e": 0.0, "EX_mal__L_e": 0.0, "EX_nh4_e": -9.66137009743982e-15, "EX_o2_e": -15.893728876037148, "EX_pi_e": -2.9221021159575044e-14, "EX_pyr_e": 0.0, "EX_succ_e": 0.0, "FBA": 2.868593617283045, "FBP": 0.0, "FORt2": 0.0, "FORt": -4.485511765799203, "FRD7": 0.0, "FRUpts2": 0.0, "FUM": 5.89134107710582, "FUMt2_2": 0.0, "G6PDH2r": 0.46246152761927356, "GAPD": 5.8913410771058485, "GLCpts": 3.022747459822803, "GLNS": 1.2995488339516147e-15, "GLNabc": 0.0, "GLUDy": -4.6428267810001955e-15, "GLUN": 0.0, "GLUSy": 0.0, "GLUt2r": -1.2712622852269819e-30, "GND": 0.46246152761927123, "H2Ot": -13.65097299313752, "ICDHyr": 5.891341077105823, "ICL": 0.0, "LDH_D": -7.212916805697416e-15, "MALS": 0.0, "MALt2_2": 0.0, "MDH": 3.4857075314660166, "ME1": 2.4056335456398035, "ME2": 0.0, "NADH16": 25.89611667496848, "NADTRHD": 6.81626413234436, "NH4t": 2.085968799596723e-15, "O2t": 15.893728876037148, "PDH": 1.4058293113066354}