{"PFK": 7.477381962160287, "PFL": 0.0, "PGI": -5.139138853503174, "PGK": -16.02352614316762, "PGL": 4.959984944574646, "ACALD": 0.0, "AKGt2r": 0.0, "PGM": -14.716139568742848, "PIt2r": 3.2148950476847653, "ALCD2x": 0.0, "ACALDt": 0.0, "ACKr": 0.0, "PPC": 2.504309470368731, "ACONTa": 6.007249575350349, "ACONTb": 6.0072495753503565, "ATPM": 8.39, "PPCK": 0.0, "ACt2r": 0.0, "PPS": 0.0, "ADK1": 0.0, "AKGDH": 5.064375661482113, "ATPS4r": 45.51400977451757, "PTAr": 0.0, "PYK": 1.7581774441068045, "BIOMASS_Ecoli_core_w_GAM": 0.8739215069684303, "PYRt2": 0.0, "CO2t": -22.80983331020501, "RPE": 2.6784818505075214, "CS": 6.007249575350349, "RPI": -2.281503094067124, "SUCCt2_2": 0.0, "CYTBD": 43.598985311997616, "D_LACt2": 0.0, "ENO": 14.716139568742848, "SUCCt3": 0.0, "ETOHt2r": 0.0, "SUCDi": 5.064375661482113, "SUCOAS": -5.064375661482113, "TALA": 1.4969837572615632, "THD2": 0.0, "TKT1": 1.4969837572615632, "TKT2": 1.1814980932459587, "TPI": 7.477381962160287, "EX_ac_e": 0.0, "EX_acald_e": 0.0, "EX_akg_e": 0.0, "EX_co2_e": 22.80983331020501, "EX_etoh_e": 0.0, "EX_for_e": 0.0, "EX_fru_e": -10.0, "EX_fum_e": 0.0, "EX_glc__D_e": 0.0, "EX_gln__L_e": 0.0, "EX_glu__L_e": 0.0, "EX_h_e": 17.53086542978668, "EX_h2o_e": 29.17582713556579, "EX_lac__D_e": 0.0, "EX_mal__L_e": 0.0, "EX_nh4_e": -4.765319193197463, "EX_o2_e": -21.799492655998808, "EX_pi_e": -3.2148950476847653, "EX_pyr_e": 0.0, "EX_succ_e": 0.0, "FBA": 7.477381962160287, "FBP": 0.0, "FORt2": 0.0, "FORt": 0.0, "FRD7": 0.0, "FRUpts2": 10.0, "FUM": 5.064375661482114, "FUMt2_2": 0.0, "G6PDH2r": 4.95998494457465, "GAPD": 16.02352614316762, "GLCpts": 0.0, "GLNS": 0.22346172933182876, "GLNabc": 0.0, "GLUDy": -4.541857463865635, "GLUN": 0.0, "GLUSy": 0.0, "GLUt2r": 0.0, "GND": 4.959984944574646, "H2Ot": -29.17582713556579, "ICDHyr": 6.0072495753503565, "ICL": 0.0, "LDH_D": 0.0, "MALS": 0.0, "MALt2_2": 0.0, "MDH": 5.064375661482114, "ME1": 0.0, "ME2": 0.0, "NADH16": 38.5346096505155, "NADTRHD": 0.0, "NH4t": 4.765319193197463, "O2t": 21.799492655998808, "PDH": 9.28253259916663, "CRP_a": 10.0, "CRP_r": 10.0}