{"PFK": 9.999999999999998, "PFL": 0.0, "PGI": 7.832495610945477e-15, "PGK": -19.999999999999982, "PGL": 4.8013397822661916e-15, "ACALD": 0.0, "AKGt2r": -3.580470499415829, "PGM": -19.99999999999998, "PIt2r": 9.896290438005475e-15, "ALCD2x": 0.0, "ACALDt": 0.0, "ACKr": -3.3354552687468665e-15, "PPC": 5.21390244979919, "ACONTa": 14.371206588228851, "ACONTb": 14.371206588228853, "ATPM": 105.9212976182786, "PPCK": 0.0, "ACt2r": -3.3354552687468665e-15, "PPS": 0.0, "ADK1": 0.0, "AKGDH": 8.327522214485828, "ATPS4r": 83.18765400655842, "PTAr": -1.7970541560209555e-14, "PYK": 4.786097550200791, "BIOMASS_Ecoli_core_w_GAM": 0.0, "PYRt2": 1.5312403715531797e-14, "CO2t": -31.856032941144317, "RPE": -2.487185175925366e-15, "CS": 14.371206588228851, "RPI": 0.0, "SUCCt2_2": 0.0, "CYTBD": 72.92132979347564, "D_LACt2": -3.952386556260079e-14, "ENO": 19.99999999999998, "SUCCt3": 0.0, "ETOHt2r": 0.0, "SUCDi": 8.742413176457749, "SUCOAS": -8.32752221448583, "TALA": -8.422810571863755e-16, "THD2": 0.0, "TKT1": -1.4106426423735548e-15, "TKT2": -1.1055007957601768e-14, "TPI": 9.999999999999998, "EX_ac_e": 0.0, "EX_acald_e": 0.0, "EX_akg_e": 3.580470499415829, "EX_co2_e": 31.856032941144317, "EX_etoh_e": 0.0, "EX_for_e": 0.0, "EX_fru_e": -10.0, "EX_fum_e": 0.0, "EX_glc__D_e": 0.0, "EX_gln__L_e": 0.0, "EX_glu__L_e": 2.0483229123552733, "EX_h_e": 11.257586823542324, "EX_h2o_e": 43.113619764686554, "EX_lac__D_e": 3.952386556260079e-14, "EX_mal__L_e": 0.0, "EX_nh4_e": -2.048322912355269, "EX_o2_e": -36.46066489673781, "EX_pi_e": -9.896290438005475e-15, "EX_pyr_e": 0.0, "EX_succ_e": 0.0, "FBA": 9.999999999999998, "FBP": 0.0, "FORt2": 0.0, "FORt": 0.0, "FRD7": 0.0, "FRUpts2": 10.0, "FUM": 8.742413176457749, "FUMt2_2": 0.0, "G6PDH2r": 4.801339782266191e-15, "GAPD": 19.999999999999982, "GLCpts": 0.0, "GLNS": 0.37997615296640275, "GLNabc": 0.0, "GLUDy": -1.6683467593888663, "GLUN": 0.0, "GLUSy": 0.3799761529664026, "GLUt2r": -2.0483229123552733, "GND": 0.0, "H2Ot": -43.113619764686554, "ICDHyr": 13.956315626256933, "ICL": 0.41489096197191866, "LDH_D": 0.0, "MALS": 0.41489096197191866, "MALt2_2": 0.0, "MDH": 9.157304138429666, "ME1": 0.0, "ME2": 0.0, "NADH16": 64.17891661701788, "NADTRHD": 11.907992713901661, "NH4t": 2.048322912355269, "O2t": 36.46066489673781, "PDH": 14.78609755020075}