{"PFK": 10.000000000000025, "PFL": 11.4836187786213, "PGI": 1.3511054928880947e-14, "PGK": -20.000000000000057, "PGL": 5.837701493856258e-15, "ACALD": 0.0, "AKGt2r": -0.6753781628948234, "PGM": -20.000000000000053, "PIt2r": 2.3145492430041743e-15, "ALCD2x": 0.0, "ACALDt": 0.0, "ACKr": -2.845855039603301e-14, "PPC": 0.0, "ACONTa": 9.819875575700271, "ACONTb": 9.81987557570027, "ATPM": 78.00025590317014, "PPCK": 0.0, "ACt2r": -2.8458550396033016e-14, "PPS": 0.0, "ADK1": 0.0, "AKGDH": 2.179881486609405, "ATPS4r": 55.84602948714918, "PTAr": 1.2990752935091245e-14, "PYK": 10.000000000000055, "BIOMASS_Ecoli_core_w_GAM": 0.0, "PYRt2": -8.672995376546629, "CO2t": -14.961749852973309, "RPE": 1.1323069415177725e-14, "CS": 9.81987557570027, "RPI": 0.0, "SUCCt2_2": 0.0, "CYTBD": 52.26262107176253, "D_LACt2": 0.0, "ENO": 20.000000000000057, "SUCCt3": 0.0, "ETOHt2r": 0.0, "SUCDi": 8.488775505270645, "SUCOAS": -2.179881486609405, "TALA": 5.07727053052862e-15, "THD2": 0.0, "TKT1": 5.140748584894562e-15, "TKT2": 5.543528071394906e-15, "TPI": 10.000000000000025, "EX_ac_e": 0.0, "EX_acald_e": 0.0, "EX_akg_e": 0.6753781628948234, "EX_co2_e": 14.961749852973309, "EX_etoh_e": 0.0, "EX_for_e": 11.483618778621302, "EX_fru_e": -10.0, "EX_fum_e": 0.0, "EX_glc__D_e": 0.0, "EX_gln__L_e": 0.0, "EX_glu__L_e": 0.8317508848582927, "EX_h_e": 23.17087225067417, "EX_h2o_e": 26.649003325026204, "EX_lac__D_e": 3.2031785249564036e-30, "EX_mal__L_e": 0.0, "EX_nh4_e": -0.8317508848582711, "EX_o2_e": -26.131310535881266, "EX_pi_e": -2.3145492430041743e-15, "EX_pyr_e": 8.672995376546623, "EX_succ_e": 0.0, "FBA": 10.000000000000025, "FBP": 0.0, "FORt2": 0.0, "FORt": -11.483618778621302, "FRD7": 0.17602897732348607, "FRUpts2": 10.0, "FUM": 8.312746527947159, "FUMt2_2": 0.0, "G6PDH2r": 5.837701493856258e-15, "GAPD": 20.000000000000057, "GLCpts": 0.0, "GLNS": 0.02565507058842964, "GLNabc": 0.0, "GLUDy": -0.8317508848582696, "GLUN": 0.02565507058842825, "GLUSy": 0.0, "GLUt2r": -0.8317508848582927, "GND": 0.0, "H2Ot": -26.649003325026204, "ICDHyr": 3.6870105343625146, "ICL": 6.132865041337755, "LDH_D": -1.8764909469819993e-15, "MALS": 6.132865041337755, "MALt2_2": 0.0, "MDH": 9.819875575700262, "ME1": 0.0, "ME2": 4.625735993584652, "NADH16": 43.94987454381536, "NADTRHD": 7.480995643088931, "NH4t": 0.8317508848582711, "O2t": 26.131310535881266, "PDH": 4.469121838416734}